"Leading.razor.protein","Protein.name","Protein.group","Protein.seq"
"UNIPROT:A0A452FK23_CAPHI","Beta-casein","Casein","MKVLILACLVALAIAREVNTEKNVEINKTSTVCLCVENHITNIINIFFPSFQDELQDKIHPFAQAQSLVYPFTGPIPNSLPQNILPLTQTPVVVPPFLQPEIMGVPKVKETMVPKHKEMPFPKYPVEPFTESQSLTLTDVEKLHLPLPLVQSWMHQPPQPLSPTVMFPPQSVLSLSQPKVLPVPQKVVPQRDMPIQAFLLYQEPVLGPVRGPFPILVSLNLLTVLFNF"
"UNIPROT:CASB_CAPHI","Beta-casein","Casein","MKVLILACLVALAIAREQEELNVVGETVESLSSSEESITHINKKIEKFQSEEQQQTEDELQDKIHPFAQAQSLVYPFTGPIPNSLPQNILPLTQTPVVVPPFLQPEIMGVPKVKETMVPKHKEMPFPKYPVEPFTESQSLTLTDVEKLHLPLPLVQSWMHQPPQPLSPTVMFPPQSVLSLSQPKVLPVPQKAVPQRDMPIQAFLLYQEPVLGPVRGPFPILV"
"UNIPROT:A0A452G9D9_CAPHI","Kappa-casein","Casein","IIYLFTPAYNNTILHNLFFLQCCEKDERFFDDKIAKYIPIQYVLSRYPSYGLNYYQQRPVALINNQFLPYPYYAKPVAVRSPAQTLQWQVLPNTVPAKSCQDQPTTLARHPHPHLSFMAIPPKKDQDKTEIPAINTIASAEPTVHSTPTTEAIVNTVDNPEASSESIASASETNTAQVTSTEV"
"UNIPROT:CASK_CAPHI","Kappa-casein","Casein","MMKSFFLVVTILALTLPFLGAQEQNQEQPICCEKDERFFDDKIAKYIPIQYVLSRYPSYGLNYYQQRPVALINNQFLPYPYYAKPVAVRSPAQTLQWQVLPNTVPAKSCQDQPTTLARHPHPHLSFMAIPPKKDQDKTEVPAINTIASAEPTVHSTPTTEAIVNTVDNPEASSESIASASETNTAQVTSTEV"
"UNIPROT:A0A858NCR7_CAPHI","Alpha-S1-casein","Casein","MKLLILTCLVAVALARPKHPINHQGLSPEVLNENLLRFVVAPFPEVFRKENINELSKDIGSESTEDQAMEDAKQMKAGSSSSSEEIVPNSAQKYIQKEDVPSERYLGYLEQLLRLKKYNVPQLEIVPKSAEEQLHSMKEGNPAHQKQPMIAVNQELAYFYPQLFRQFYQLDAYPSGAWYYLPLGTQYTDAPSFSDIPNPIGSENSGKTTMPLW"
"UNIPROT:CASA1_CAPHI","Alpha-S1-casein","Casein","MKLLILTCLVAVALARPKHPINHRGLSPEVPNENLLRFVVAPFPEVFRKENINELSKDIGSESTEDQAMEDAKQMKAGSSSSSEEIVPNSAEQKYIQKEDVPSERYLGYLEQLLRLKKYNVPQLEIVPKSAEEQLHSMKEGNPAHQKQPMIAVNQELAYFYPQLFRQFYQLDAYPSGAWYYLPLGTQYTDAPSFSDIPNPIGSENSGKTTMPLW"
"UNIPROT:CASA2_CAPHI","Alpha-S2-casein","Casein","MKFFIFTCLLAVALAKHKMEHVSSSEEPINIFQEIYKQEKNMAIHPRKEKLCTTSCEEVVRNANEEEYSIRSSSEESAEVAPEEIKITVDDKHYQKALNEINQFYQKFPQYLQYPYQGPIVLNPWDQVKRNAGPFTPTVNREQLSTSEENSKKTIDMESTEVFTKKTKLTEEEKNRLNFLKKISQYYQKFAWPQYLKTVDQHQKAMKPWTQPKTNAIPYVRYL"
"UNIPROT:A5JSS8_CAPHI","Alpha-lactalbumin","Whey","MMSFVSLLLVGILFHATQAEQLTKCEVFQKLKDLKDYGGVSLPEWVCTAFHTSGYDTQAIVQNNDSTEYGLFQINNKIWCKDDQNPHSRNICNISCDKFLDDDLTDDIVCAKKILDKVGINYWLAHKALCSEKLDQWLCEKL"
"UNIPROT:LALBA_CAPHI","Alpha-lactalbumin","Whey","MMSFVSLLLVGILFHATQAEQLTKCEVFQKLKDLKDYGGVSLPEWVCTAFHTSGYDTQAIVQNNDSTEYGLFQINNKIWCKDDQNPHSRNICNISCDKFLDDDLTDDIVCAKKILDKVGINYWLAHKALCSEKLDQWLCEKL"
"UNIPROT:A0A452EK75_CAPHI","Beta-lactoglobulin","Whey","MKCLLLALGLALACGIQAIIVTQTMKGLDIQKVAGTWYSLAMAASDISLLDAQSAPLRVYVEELKPTPEGNLEILLQKWWNGECAQKKIIAEKTKIPAVFKIDALNENKVLVLDTDYKKYLLFCMENSAEPEQSLACQCLVRTPEVDKEALEKFDKALKALPMHIRLAFNPTQLEAKTGGSGCHVAREPHPPCAHTPAGGRSLSDQPAGRQPCTPALPS"
"UNIPROT:LACB_CAPHI","Beta-lactoglobulin","Whey","MKCLLLALGLALACGIQAIIVTQTMKGLDIQKVAGTWYSLAMAASDISLLDAQSAPLRVYVEELKPTPEGNLEILLQKWENGECAQKKIIAEKTKIPAVFKIDALNENKVLVLDTDYKKYLLFCMENSAEPEQSLACQCLVRTPEVDKEALEKFDKALKALPMHIRLAFNPTQLEGQCHV"
"P33048","Beta-casein","Casein","MKVLILACLVALAIAREQEELNVVGETVESLSSSEESITHINKKIEKFQSEEQQQTEDELQDKIHPFAQAQSLVYPFTGPIPNSLPQNILPLTQTPVVVPPFLQPEIMGVPKVKETMVPKHKEMPFPKYPVEPFTESQSLTLTDVEKLHLPLPLVQSWMHQPPQPLSPTVMFPPQSVLSLSQPKVLPVPQKAVPQRDMPIQAFLLYQEPVLGPVRGPFPILV"
"A0A452FK23","Beta-casein","Casein","MKVLILACLVALAIAREVNTEKNVEINKTSTVCLCVENHITNIINIFFPSFQDELQDKIHPFAQAQSLVYPFTGPIPNSLPQNILPLTQTPVVVPPFLQPEIMGVPKVKETMVPKHKEMPFPKYPVEPFTESQSLTLTDVEKLHLPLPLVQSWMHQPPQPLSPTVMFPPQSVLSLSQPKVLPVPQKVVPQRDMPIQAFLLYQEPVLGPVRGPFPILVSLNLLTVLFNF"
"A0A452G9D9","Kappa-casein","Casein","IIYLFTPAYNNTILHNLFFLQCCEKDERFFDDKIAKYIPIQYVLSRYPSYGLNYYQQRPVALINNQFLPYPYYAKPVAVRSPAQTLQWQVLPNTVPAKSCQDQPTTLARHPHPHLSFMAIPPKKDQDKTEIPAINTIASAEPTVHSTPTTEAIVNTVDNPEASSESIASASETNTAQVTSTEV"
"P18626","Alpha-S1-casein","Casein","MKLLILTCLVAVALARPKHPINHRGLSPEVPNENLLRFVVAPFPEVFRKENINELSKDIGSESTEDQAMEDAKQMKAGSSSSSEEIVPNSAEQKYIQKEDVPSERYLGYLEQLLRLKKYNVPQLEIVPKSAEEQLHSMKEGNPAHQKQPMIAVNQELAYFYPQLFRQFYQLDAYPSGAWYYLPLGTQYTDAPSFSDIPNPIGSENSGKTTMPLW"
"P33049","Alpha-S2-casein","Casein","MKFFIFTCLLAVALAKHKMEHVSSSEEPINIFQEIYKQEKNMAIHPRKEKLCTTSCEEVVRNANEEEYSIRSSSEESAEVAPEEIKITVDDKHYQKALNEINQFYQKFPQYLQYPYQGPIVLNPWDQVKRNAGPFTPTVNREQLSTSEENSKKTIDMESTEVFTKKTKLTEEEKNRLNFLKKISQYYQKFAWPQYLKTVDQHQKAMKPWTQPKTNAIPYVRYL"
"P00712","Alpha-lactalbumin","Whey","MMSFVSLLLVGILFHATQAEQLTKCEVFQKLKDLKDYGGVSLPEWVCTAFHTSGYDTQAIVQNNDSTEYGLFQINNKIWCKDDQNPHSRNICNISCDKFLDDDLTDDIVCAKKILDKVGINYWLAHKALCSEKLDQWLCEKL"
"P02756","Beta-lactoglobulin","Whey","MKCLLLALGLALACGIQAIIVTQTMKGLDIQKVAGTWYSLAMAASDISLLDAQSAPLRVYVEELKPTPEGNLEILLQKWENGECAQKKIIAEKTKIPAVFKIDALNENKVLVLDTDYKKYLLFCMENSAEPEQSLACQCLVRTPEVDKEALEKFDKALKALPMHIRLAFNPTQLEGQCHV"
"P02666","Beta-casein","Casein","MKVLILACLVALALARELEELNVPGEIVESLSSSEESITRINKKIEKFQSEEQQQTEDELQDKIHPFAQTQSLVYPFPGPIPNSLPQNIPPLTQTPVVVPPFLQPEVMGVSKVKEAMAPKHKEMPFPKYPVEPFTESQSLTLTDVENLHLPLPLLQSWMHQPHQPLPPTVMFPPQSVLSLSQSKVLPVPQKAVPYPQRDMPIQAFLLYQEPVLGPVRGPFPIIV"
"P02668","Kappa-casein","Casein","MMKSFFLVVTILALTLPFLGAQEQNQEQPIRCEKDERFFSDKIAKYIPIQYVLSRYPSYGLNYYQQKPVALINNQFLPYPYYAKPAAVRSPAQILQWQVLSNTVPAKSCQAQPTTMARHPHPHLSFMAIPPKKNQDKTEIPTINTIASGEPTSTPTTEAVESTVATLEDSPEVIESPPEINTVQVTSTAV"
"P02662","Alpha-S1-casein","Casein","MKLLILTCLVAVALARPKHPIKHQGLPQEVLNENLLRFFVAPFPEVFGKEKVNELSKDIGSESTEDQAMEDIKQMEAESISSSEEIVPNSVEQKHIQKEDVPSERYLGYLEQLLRLKKYKVPQLEIVPNSAEERLHSMKEGIHAQQKEPMIGVNQELAYFYPELFRQFYQLDAYPSGAWYYVPLGTQYTDAPSFSDIPNPIGSENSEKTTMPLW"
"P02663","Alpha-S2-casein","Casein","MKFFIFTCLLAVALAKNTMEHVSSSEESIISQETYKQEKNMAINPSKENLCSTFCKEVVRNANEEEYSIGSSSEESAEVATEEVKITVDDKHYQKALNEINQFYQKFPQYLQYLYQGPIVLNPWDQVKRNAVPITPTLNREQLSTSEENSKKTVDMESTEVFTKKTKLTEEEKNRLNFLKKISQRYQKFALPQYLKTVYQHQKAMKPWIQPKTKVIPYVRYL"
"P00711","Alpha-lactalbumin","Whey","MMSFVSLLLVGILFHATQAEQLTKCEVFRELKDLKGYGGVSLPEWVCTTFHTSGYDTQAIVQNNDSTEYGLFQINNKIWCKDDQNPHSSNICNISCDKFLDDDLTDDIMCVKKILDKVGINYWLAHKALCSEKLDQWLCEKL"
"P02754","Beta-lactoglobulin","Whey","MKCLLLALALTCGAQALIVTQTMKGLDIQKVAGTWYSLAMAASDISLLDAQSAPLRVYVEELKPTPEGDLEILLQKWENGECAQKKIIAEKTKIPAVFKIDALNENKVLVLDTDYKKYLLFCMENSAEPEQSLACQCLVRTPEVDDEALEKFDKALKALPMHIRLSFNPTQLEEQCHI"
"G5E5H7","Beta-lactoglobulin","Whey","MKCLLLALALTCGAQALIVTQTMKGLDIQKVAGTWYSLAMAASDISLLDAQSAPLRVYVEELKPTPEGDLEILLQKWENGECAQKKIIAEKTKIPAVFKIDALNENKVLVLDTDYKKYLLFCMENSAEPEQSLVCQCLVRTPEVDDEALEKFDKALKALPMHIRLSFNPTQLEEQCHI"
